取得日時,往路,復路,価格
2024-07-28 05:16:34,2024年08月02日,2024年08月04日,155251
2024-07-28 05:16:34,2024年08月03日,2024年08月05日,153470
2024-07-28 05:16:34,2024年08月04日,2024年08月06日,165037
2024-07-28 05:16:34,2024年08月05日,2024年08月07日,145530
2024-07-28 05:16:34,2024年08月06日,2024年08月08日,166755
2024-07-28 05:16:34,2024年08月07日,2024年08月09日,161620
2024-07-28 05:16:34,2024年08月08日,2024年08月10日,188047
2024-07-28 05:16:34,2024年08月09日,2024年08月11日,193579
2024-07-28 14:25:47,2024年08月02日,2024年08月04日,152879
2024-07-28 14:25:47,2024年08月03日,2024年08月05日,153640
2024-07-28 14:25:47,2024年08月04日,2024年08月06日,164948
2024-07-28 14:25:47,2024年08月05日,2024年08月07日,178958
2024-07-28 14:25:47,2024年08月06日,2024年08月08日,160854
2024-07-28 14:25:47,2024年08月07日,2024年08月09日,165070
2024-07-28 14:25:47,2024年08月08日,2024年08月10日,196150
2024-07-28 14:25:47,2024年08月09日,2024年08月11日,209028
2024-07-28 16:49:51,2024年08月02日,2024年08月04日,152740
2024-07-28 16:49:51,2024年08月03日,2024年08月05日,153130
2024-07-28 16:49:51,2024年08月04日,2024年08月06日,173081
2024-07-28 16:49:51,2024年08月05日,2024年08月07日,179890
2024-07-28 16:49:51,2024年08月06日,2024年08月08日,169870
2024-07-28 16:49:51,2024年08月07日,2024年08月09日,169258
2024-07-28 16:49:51,2024年08月08日,2024年08月10日,185988
2024-07-28 16:49:51,2024年08月09日,2024年08月11日,203683
2024-07-28 17:03:13,2024年08月02日,2024年08月04日,152740
2024-07-28 17:03:13,2024年08月03日,2024年08月05日,153130
2024-07-28 17:03:13,2024年08月04日,2024年08月06日,173081
2024-07-28 17:03:13,2024年08月05日,2024年08月07日,179890
2024-07-28 17:03:13,2024年08月06日,2024年08月08日,169870
2024-07-28 17:03:13,2024年08月07日,2024年08月09日,169258
2024-07-28 17:03:13,2024年08月08日,2024年08月10日,185988
2024-07-28 17:03:13,2024年08月09日,2024年08月11日,203683
2024-07-28 17:14:05,2024年08月02日,2024年08月04日,155141
2024-07-28 17:14:05,2024年08月03日,2024年08月05日,153330
2024-07-28 17:14:05,2024年08月04日,2024年08月06日,172044
2024-07-28 17:14:05,2024年08月05日,2024年08月07日,179519
2024-07-28 17:14:05,2024年08月06日,2024年08月08日,173620
2024-07-28 17:14:05,2024年08月07日,2024年08月09日,174398
2024-07-28 17:14:05,2024年08月08日,2024年08月10日,195380
2024-07-28 17:14:05,2024年08月09日,2024年08月11日,212530
2024-07-28 17:35:01,2024年08月02日,2024年08月04日,152757
2024-07-28 17:35:01,2024年08月03日,2024年08月05日,153130
2024-07-28 17:35:01,2024年08月04日,2024年08月06日,173081
2024-07-28 17:35:01,2024年08月05日,2024年08月07日,183520
2024-07-28 17:35:01,2024年08月06日,2024年08月08日,169870
2024-07-28 17:35:01,2024年08月07日,2024年08月09日,168457
2024-07-28 17:35:01,2024年08月08日,2024年08月10日,185988
2024-07-28 17:35:01,2024年08月09日,2024年08月11日,226610
2024-07-28 18:04:41,2024年08月02日,2024年08月04日,152757
2024-07-28 18:04:41,2024年08月03日,2024年08月05日,158080
2024-07-28 18:04:41,2024年08月04日,2024年08月06日,165049
2024-07-28 18:04:41,2024年08月05日,2024年08月07日,179890
2024-07-28 18:04:41,2024年08月06日,2024年08月08日,169870
2024-07-28 18:04:41,2024年08月07日,2024年08月09日,168457
2024-07-28 18:04:41,2024年08月08日,2024年08月10日,185988
2024-07-28 18:04:41,2024年08月09日,2024年08月11日,205677
2024-07-28 18:34:46,2024年08月02日,2024年08月04日,155246
2024-07-28 18:34:46,2024年08月03日,2024年08月05日,158080
2024-07-28 18:34:46,2024年08月04日,2024年08月06日,171947
2024-07-28 18:34:46,2024年08月05日,2024年08月07日,179890
2024-07-28 18:34:46,2024年08月06日,2024年08月08日,173620
2024-07-28 18:34:46,2024年08月07日,2024年08月09日,174830
2024-07-28 18:34:46,2024年08月08日,2024年08月10日,195380
2024-07-28 18:34:46,2024年08月09日,2024年08月11日,210334
2024-07-28 19:04:47,2024年08月02日,2024年08月04日,155141
2024-07-28 19:04:47,2024年08月03日,2024年08月05日,137410
2024-07-28 19:04:47,2024年08月04日,2024年08月06日,171837
2024-07-28 19:04:47,2024年08月05日,2024年08月07日,134590
2024-07-28 19:04:47,2024年08月06日,2024年08月08日,130120
2024-07-28 19:04:47,2024年08月07日,2024年08月09日,174830
2024-07-28 19:04:47,2024年08月08日,2024年08月10日,195220
2024-07-28 19:04:47,2024年08月09日,2024年08月11日,210334
2024-07-28 19:34:34,2024年08月02日,2024年08月04日,155141
2024-07-28 19:34:34,2024年08月03日,2024年08月05日,137410
2024-07-28 19:34:34,2024年08月04日,2024年08月06日,171837
2024-07-28 19:34:34,2024年08月05日,2024年08月07日,134590
2024-07-28 19:34:34,2024年08月06日,2024年08月08日,127650
2024-07-28 19:34:34,2024年08月07日,2024年08月09日,170470
2024-07-28 19:34:34,2024年08月08日,2024年08月10日,190900
2024-07-28 19:34:34,2024年08月09日,2024年08月11日,210334
2024-07-28 20:04:36,2024年08月02日,2024年08月04日,155251
2024-07-28 20:04:36,2024年08月03日,2024年08月05日,137410
2024-07-28 20:04:36,2024年08月04日,2024年08月06日,175008
2024-07-28 20:04:36,2024年08月05日,2024年08月07日,134590
2024-07-28 20:04:36,2024年08月06日,2024年08月08日,127650
2024-07-28 20:04:36,2024年08月07日,2024年08月09日,174398
2024-07-28 20:04:36,2024年08月08日,2024年08月10日,208320
2024-07-28 20:04:36,2024年08月09日,2024年08月11日,210334
2024-07-28 20:34:33,2024年08月02日,2024年08月04日,172660
2024-07-28 20:34:33,2024年08月03日,2024年08月05日,137410
2024-07-28 20:34:33,2024年08月04日,2024年08月06日,175008
2024-07-28 20:34:33,2024年08月05日,2024年08月07日,137453
2024-07-28 20:34:33,2024年08月06日,2024年08月08日,127650
2024-07-28 20:34:33,2024年08月07日,2024年08月09日,174398
2024-07-28 20:34:33,2024年08月08日,2024年08月10日,164200
2024-07-28 20:34:33,2024年08月09日,2024年08月11日,210334
2024-07-28 21:05:07,2024年08月02日,2024年08月04日,155141
2024-07-28 21:05:07,2024年08月03日,2024年08月05日,137410
2024-07-28 21:05:07,2024年08月04日,2024年08月06日,175197
2024-07-28 21:05:07,2024年08月05日,2024年08月07日,148920
2024-07-28 21:05:07,2024年08月06日,2024年08月08日,183520
2024-07-28 21:05:07,2024年08月07日,2024年08月09日,177593
2024-07-28 21:05:07,2024年08月08日,2024年08月10日,164060
2024-07-28 21:05:07,2024年08月09日,2024年08月11日,210334
2024-07-28 21:34:56,2024年08月02日,2024年08月04日,171728
2024-07-28 21:34:56,2024年08月03日,2024年08月05日,140800
2024-07-28 21:34:56,2024年08月04日,2024年08月06日,175197
2024-07-28 21:34:56,2024年08月05日,2024年08月07日,168040
2024-07-28 21:34:56,2024年08月06日,2024年08月08日,172970
2024-07-28 21:34:56,2024年08月07日,2024年08月09日,194810
2024-07-28 21:34:56,2024年08月08日,2024年08月10日,164350
2024-07-28 21:34:56,2024年08月09日,2024年08月11日,210334
2024-07-28 22:04:48,2024年08月02日,2024年08月04日,152879
2024-07-28 22:04:48,2024年08月03日,2024年08月05日,160146
2024-07-28 22:04:48,2024年08月04日,2024年08月06日,167462
2024-07-28 22:04:48,2024年08月05日,2024年08月07日,151220
2024-07-28 22:04:48,2024年08月06日,2024年08月08日,151220
2024-07-28 22:04:48,2024年08月07日,2024年08月09日,171684
2024-07-28 22:04:48,2024年08月08日,2024年08月10日,192520
2024-07-28 22:04:48,2024年08月09日,2024年08月11日,205677
2024-07-28 22:35:13,2024年08月02日,2024年08月04日,171838
2024-07-28 22:35:13,2024年08月03日,2024年08月05日,158080
2024-07-28 22:35:13,2024年08月04日,2024年08月06日,191833
2024-07-28 22:35:13,2024年08月05日,2024年08月07日,164210
2024-07-28 22:35:13,2024年08月06日,2024年08月08日,171691
2024-07-28 22:35:13,2024年08月07日,2024年08月09日,177593
2024-07-28 22:35:13,2024年08月08日,2024年08月10日,164060
2024-07-28 22:35:13,2024年08月09日,2024年08月11日,213298
2024-07-28 23:49:46,2024年08月02日,2024年08月04日,152842
2024-07-28 23:49:46,2024年08月03日,2024年08月05日,158080
2024-07-28 23:49:46,2024年08月04日,2024年08月06日,157301
2024-07-28 23:49:46,2024年08月05日,2024年08月07日,161920
2024-07-28 23:49:46,2024年08月06日,2024年08月08日,168456
2024-07-28 23:49:46,2024年08月07日,2024年08月09日,170470
2024-07-28 23:49:46,2024年08月08日,2024年08月10日,163800
2024-07-28 23:49:46,2024年08月09日,2024年08月11日,205724
2024-07-29 00:04:35,2024年08月02日,2024年08月04日,152842
2024-07-29 00:04:35,2024年08月03日,2024年08月05日,158080
2024-07-29 00:04:35,2024年08月04日,2024年08月06日,157301
2024-07-29 00:04:35,2024年08月05日,2024年08月07日,157301
2024-07-29 00:04:35,2024年08月06日,2024年08月08日,168456
2024-07-29 00:04:35,2024年08月07日,2024年08月09日,170470
2024-07-29 00:04:35,2024年08月08日,2024年08月10日,163800
2024-07-29 00:04:35,2024年08月09日,2024年08月11日,205724
2024-07-29 00:34:38,2024年08月02日,2024年08月04日,155141
2024-07-29 00:34:38,2024年08月03日,2024年08月05日,158080
2024-07-29 00:34:38,2024年08月04日,2024年08月06日,149810
2024-07-29 00:34:38,2024年08月05日,2024年08月07日,148920
2024-07-29 00:34:38,2024年08月06日,2024年08月08日,150080
2024-07-29 00:34:38,2024年08月07日,2024年08月09日,170388
2024-07-29 00:34:38,2024年08月08日,2024年08月10日,195720
2024-07-29 00:34:38,2024年08月09日,2024年08月11日,210334
2024-07-29 01:04:44,2024年08月02日,2024年08月04日,152887
2024-07-29 01:04:44,2024年08月03日,2024年08月05日,158080
2024-07-29 01:04:44,2024年08月04日,2024年08月06日,157301
2024-07-29 01:04:44,2024年08月05日,2024年08月07日,149120
2024-07-29 01:04:44,2024年08月06日,2024年08月08日,168456
2024-07-29 01:04:44,2024年08月07日,2024年08月09日,171310
2024-07-29 01:04:44,2024年08月08日,2024年08月10日,166780
2024-07-29 01:04:44,2024年08月09日,2024年08月11日,205737
2024-07-29 01:34:36,2024年08月02日,2024年08月04日,155251
2024-07-29 01:34:36,2024年08月03日,2024年08月05日,158080
2024-07-29 01:34:36,2024年08月04日,2024年08月06日,157301
2024-07-29 01:34:36,2024年08月05日,2024年08月07日,148920
2024-07-29 01:34:36,2024年08月06日,2024年08月08日,171691
2024-07-29 01:34:36,2024年08月07日,2024年08月09日,177142
2024-07-29 01:34:36,2024年08月08日,2024年08月10日,172030
2024-07-29 01:34:36,2024年08月09日,2024年08月11日,210334
2024-07-29 02:04:32,2024年08月02日,2024年08月04日,155141
2024-07-29 02:04:32,2024年08月03日,2024年08月05日,158080
2024-07-29 02:04:32,2024年08月04日,2024年08月06日,157301
2024-07-29 02:04:32,2024年08月05日,2024年08月07日,148920
2024-07-29 02:04:32,2024年08月06日,2024年08月08日,171526
2024-07-29 02:04:32,2024年08月07日,2024年08月09日,170388
2024-07-29 02:04:32,2024年08月08日,2024年08月10日,172030
2024-07-29 02:04:32,2024年08月09日,2024年08月11日,210464
2024-07-29 03:04:53,2024年08月02日,2024年08月04日,152770
2024-07-29 03:04:53,2024年08月03日,2024年08月05日,158080
2024-07-29 03:04:53,2024年08月04日,2024年08月06日,157301
2024-07-29 03:04:53,2024年08月05日,2024年08月07日,148920
2024-07-29 03:04:53,2024年08月06日,2024年08月08日,157810
2024-07-29 03:04:53,2024年08月07日,2024年08月09日,172704
2024-07-29 03:04:53,2024年08月08日,2024年08月10日,172030
2024-07-29 03:04:53,2024年08月09日,2024年08月11日,205692
2024-07-29 03:34:55,2024年08月02日,2024年08月04日,162153
2024-07-29 03:34:55,2024年08月03日,2024年08月05日,158080
2024-07-29 03:34:55,2024年08月04日,2024年08月06日,157301
2024-07-29 03:34:55,2024年08月05日,2024年08月07日,148920
2024-07-29 03:34:55,2024年08月06日,2024年08月08日,171526
2024-07-29 03:34:55,2024年08月07日,2024年08月09日,172704
2024-07-29 03:34:55,2024年08月08日,2024年08月10日,172030
2024-07-29 03:34:55,2024年08月09日,2024年08月11日,205692
2024-07-29 04:04:37,2024年08月02日,2024年08月04日,162153
2024-07-29 04:04:37,2024年08月03日,2024年08月05日,158080
2024-07-29 04:04:37,2024年08月04日,2024年08月06日,157301
2024-07-29 04:04:37,2024年08月05日,2024年08月07日,148920
2024-07-29 04:04:37,2024年08月06日,2024年08月08日,171526
2024-07-29 04:04:37,2024年08月07日,2024年08月09日,170470
2024-07-29 04:04:37,2024年08月08日,2024年08月10日,172030
2024-07-29 04:04:37,2024年08月09日,2024年08月11日,205692
2024-07-29 04:34:59,2024年08月02日,2024年08月04日,160732
2024-07-29 04:34:59,2024年08月03日,2024年08月05日,158080
2024-07-29 04:34:59,2024年08月04日,2024年08月06日,156240
2024-07-29 04:34:59,2024年08月05日,2024年08月07日,148920
2024-07-29 04:34:59,2024年08月06日,2024年08月08日,171691
2024-07-29 04:34:59,2024年08月07日,2024年08月09日,170470
2024-07-29 04:34:59,2024年08月08日,2024年08月10日,172030
2024-07-29 04:34:59,2024年08月09日,2024年08月11日,210334
2024-07-29 05:04:56,2024年08月02日,2024年08月04日,160732
2024-07-29 05:04:56,2024年08月03日,2024年08月05日,158080
2024-07-29 05:04:56,2024年08月04日,2024年08月06日,156240
2024-07-29 05:04:56,2024年08月05日,2024年08月07日,148920
2024-07-29 05:04:56,2024年08月06日,2024年08月08日,171691
2024-07-29 05:04:56,2024年08月07日,2024年08月09日,170470
2024-07-29 05:04:56,2024年08月08日,2024年08月10日,172030
2024-07-29 05:04:56,2024年08月09日,2024年08月11日,210334
2024-07-29 05:35:00,2024年08月02日,2024年08月04日,165769
2024-07-29 05:35:00,2024年08月03日,2024年08月05日,158080
2024-07-29 05:35:00,2024年08月04日,2024年08月06日,157301
2024-07-29 05:35:00,2024年08月05日,2024年08月07日,148920
2024-07-29 05:35:00,2024年08月06日,2024年08月08日,176192
2024-07-29 05:35:00,2024年08月07日,2024年08月09日,170499
2024-07-29 05:35:00,2024年08月08日,2024年08月10日,172030
2024-07-29 05:35:00,2024年08月09日,2024年08月11日,213906
2024-07-29 06:04:52,2024年08月02日,2024年08月04日,160367
2024-07-29 06:04:52,2024年08月03日,2024年08月05日,158080
2024-07-29 06:04:52,2024年08月04日,2024年08月06日,157301
2024-07-29 06:04:52,2024年08月05日,2024年08月07日,148920
2024-07-29 06:04:52,2024年08月06日,2024年08月08日,176192
2024-07-29 06:04:52,2024年08月07日,2024年08月09日,177627
2024-07-29 06:04:52,2024年08月08日,2024年08月10日,172030
2024-07-29 06:04:52,2024年08月09日,2024年08月11日,213906
2024-07-29 06:34:53,2024年08月02日,2024年08月04日,160367
2024-07-29 06:34:53,2024年08月03日,2024年08月05日,158080
2024-07-29 06:34:53,2024年08月04日,2024年08月06日,157301
2024-07-29 06:34:53,2024年08月05日,2024年08月07日,149317
2024-07-29 06:34:53,2024年08月06日,2024年08月08日,176192
2024-07-29 06:34:53,2024年08月07日,2024年08月09日,177143
2024-07-29 06:34:53,2024年08月08日,2024年08月10日,172030
2024-07-29 06:34:53,2024年08月09日,2024年08月11日,212932
2024-07-29 07:04:50,2024年08月02日,2024年08月04日,155251
2024-07-29 07:04:50,2024年08月03日,2024年08月05日,158080
2024-07-29 07:04:50,2024年08月04日,2024年08月06日,157301
2024-07-29 07:04:50,2024年08月05日,2024年08月07日,149317
2024-07-29 07:04:50,2024年08月06日,2024年08月08日,176192
2024-07-29 07:04:50,2024年08月07日,2024年08月09日,176009
2024-07-29 07:04:50,2024年08月08日,2024年08月10日,172030
2024-07-29 07:04:50,2024年08月09日,2024年08月11日,212926
2024-07-29 07:34:57,2024年08月02日,2024年08月04日,155251
2024-07-29 07:34:57,2024年08月03日,2024年08月05日,158080
2024-07-29 07:34:57,2024年08月04日,2024年08月06日,157301
2024-07-29 07:34:57,2024年08月05日,2024年08月07日,149317
2024-07-29 07:34:57,2024年08月06日,2024年08月08日,176192
2024-07-29 07:34:57,2024年08月07日,2024年08月09日,170389
2024-07-29 07:34:57,2024年08月08日,2024年08月10日,172030
2024-07-29 07:34:57,2024年08月09日,2024年08月11日,212926
2024-07-29 08:04:54,2024年08月02日,2024年08月04日,157627
2024-07-29 08:04:54,2024年08月03日,2024年08月05日,158080
2024-07-29 08:04:54,2024年08月04日,2024年08月06日,157301
2024-07-29 08:04:54,2024年08月05日,2024年08月07日,153620
2024-07-29 08:04:54,2024年08月06日,2024年08月08日,176440
2024-07-29 08:04:54,2024年08月07日,2024年08月09日,170470
2024-07-29 08:04:54,2024年08月08日,2024年08月10日,195220
2024-07-29 08:04:54,2024年08月09日,2024年08月11日,212926
2024-07-29 08:34:58,2024年08月02日,2024年08月04日,153587
2024-07-29 08:34:58,2024年08月03日,2024年08月05日,158080
2024-07-29 08:34:58,2024年08月04日,2024年08月06日,157301
2024-07-29 08:34:58,2024年08月05日,2024年08月07日,149317
2024-07-29 08:34:58,2024年08月06日,2024年08月08日,172611
2024-07-29 08:34:58,2024年08月07日,2024年08月09日,171255
2024-07-29 08:34:58,2024年08月08日,2024年08月10日,186478
2024-07-29 08:34:58,2024年08月09日,2024年08月11日,199150
2024-07-29 09:05:04,2024年08月02日,2024年08月04日,152695
2024-07-29 09:05:04,2024年08月03日,2024年08月05日,158080
2024-07-29 09:05:04,2024年08月04日,2024年08月06日,157301
2024-07-29 09:05:04,2024年08月05日,2024年08月07日,149317
2024-07-29 09:05:04,2024年08月06日,2024年08月08日,161590
2024-07-29 09:05:04,2024年08月07日,2024年08月09日,171255
2024-07-29 09:05:04,2024年08月08日,2024年08月10日,186478
2024-07-29 09:05:04,2024年08月09日,2024年08月11日,207446
2024-07-29 09:35:00,2024年08月02日,2024年08月04日,155141
2024-07-29 09:35:00,2024年08月03日,2024年08月05日,159380
2024-07-29 09:35:00,2024年08月04日,2024年08月06日,157301
2024-07-29 09:35:00,2024年08月05日,2024年08月07日,149317
2024-07-29 09:35:00,2024年08月06日,2024年08月08日,161580
2024-07-29 09:35:00,2024年08月07日,2024年08月09日,170470
2024-07-29 09:35:00,2024年08月08日,2024年08月10日,192320
2024-07-29 09:35:00,2024年08月09日,2024年08月11日,213188
2024-07-29 10:05:02,2024年08月02日,2024年08月04日,155141
2024-07-29 10:05:02,2024年08月03日,2024年08月05日,162680
2024-07-29 10:05:02,2024年08月04日,2024年08月06日,157301
2024-07-29 10:05:02,2024年08月05日,2024年08月07日,149317
2024-07-29 10:05:02,2024年08月06日,2024年08月08日,176192
2024-07-29 10:05:02,2024年08月07日,2024年08月09日,170470
2024-07-29 10:05:02,2024年08月08日,2024年08月10日,192320
2024-07-29 10:05:02,2024年08月09日,2024年08月11日,212926
2024-07-29 10:35:06,2024年08月02日,2024年08月04日,155111
2024-07-29 10:35:06,2024年08月03日,2024年08月05日,158710
2024-07-29 10:35:06,2024年08月04日,2024年08月06日,157301
2024-07-29 10:35:06,2024年08月05日,2024年08月07日,149317
2024-07-29 10:35:06,2024年08月06日,2024年08月08日,176157
2024-07-29 10:35:06,2024年08月07日,2024年08月09日,179378
2024-07-29 10:35:06,2024年08月08日,2024年08月10日,178030
2024-07-29 10:35:06,2024年08月09日,2024年08月11日,212880
2024-07-29 11:04:56,2024年08月02日,2024年08月04日,161647
2024-07-29 11:04:56,2024年08月03日,2024年08月05日,158710
2024-07-29 11:04:56,2024年08月04日,2024年08月06日,157301
2024-07-29 11:04:56,2024年08月05日,2024年08月07日,149317
2024-07-29 11:04:56,2024年08月06日,2024年08月08日,176157
2024-07-29 11:04:56,2024年08月07日,2024年08月09日,176008
2024-07-29 11:04:56,2024年08月08日,2024年08月10日,192320
2024-07-29 11:04:56,2024年08月09日,2024年08月11日,234098
2024-07-29 14:34:43,2024年08月02日,2024年08月04日,157300
2024-07-29 14:34:43,2024年08月03日,2024年08月05日,180535
2024-07-29 14:34:43,2024年08月04日,2024年08月06日,174377
2024-07-29 14:34:43,2024年08月05日,2024年08月07日,156240
2024-07-29 14:34:43,2024年08月06日,2024年08月08日,167780
2024-07-29 14:34:43,2024年08月07日,2024年08月09日,171191
2024-07-29 14:34:43,2024年08月08日,2024年08月10日,179424
2024-07-29 14:34:43,2024年08月09日,2024年08月11日,206959
2024-07-29 15:03:45,2024年08月02日,2024年08月04日,189104
2024-07-29 15:03:45,2024年08月03日,2024年08月05日,158080
2024-07-29 15:03:45,2024年08月04日,2024年08月06日,178159
2024-07-29 15:03:45,2024年08月05日,2024年08月07日,156240
2024-07-29 15:03:45,2024年08月06日,2024年08月08日,178682
2024-07-29 15:03:45,2024年08月07日,2024年08月09日,171191
2024-07-29 15:03:45,2024年08月08日,2024年08月10日,179424
2024-07-29 15:03:45,2024年08月09日,2024年08月11日,198831
2024-07-29 15:26:45,2024年08月02日,2024年08月04日,161538
2024-07-29 15:26:45,2024年08月03日,2024年08月05日,180535
2024-07-29 15:26:45,2024年08月04日,2024年08月06日,156240
2024-07-29 15:26:45,2024年08月05日,2024年08月07日,156240
2024-07-29 15:26:45,2024年08月06日,2024年08月08日,179040
2024-07-29 15:26:45,2024年08月07日,2024年08月09日,171300
2024-07-29 15:26:45,2024年08月08日,2024年08月10日,182920
2024-07-29 15:26:45,2024年08月09日,2024年08月11日,198831
2024-07-29 16:05:24,2024年08月02日,2024年08月04日,161756
2024-07-29 16:05:24,2024年08月03日,2024年08月05日,182868
2024-07-29 16:05:24,2024年08月04日,2024年08月06日,158110
2024-07-29 16:05:24,2024年08月05日,2024年08月07日,178958
2024-07-29 16:05:24,2024年08月06日,2024年08月08日,179330
2024-07-29 16:05:24,2024年08月07日,2024年08月09日,171300
2024-07-29 16:05:24,2024年08月08日,2024年08月10日,182348
2024-07-29 16:05:24,2024年08月09日,2024年08月11日,198831
2024-07-29 16:34:36,2024年08月02日,2024年08月04日,161538
2024-07-29 16:34:36,2024年08月03日,2024年08月05日,158160
2024-07-29 16:34:36,2024年08月04日,2024年08月06日,264710
2024-07-29 16:34:36,2024年08月05日,2024年08月07日,183520
2024-07-29 16:34:36,2024年08月06日,2024年08月08日,179030
2024-07-29 16:34:36,2024年08月07日,2024年08月09日,177142
2024-07-29 16:34:36,2024年08月08日,2024年08月10日,182920
2024-07-29 16:34:36,2024年08月09日,2024年08月11日,210414
2024-07-29 17:20:51,2024年08月02日,2024年08月04日,158792
2024-07-29 17:20:51,2024年08月03日,2024年08月05日,158160
2024-07-29 17:20:51,2024年08月04日,2024年08月06日,157401
2024-07-29 17:20:51,2024年08月05日,2024年08月07日,156240
2024-07-29 17:20:51,2024年08月06日,2024年08月08日,178958
2024-07-29 17:20:51,2024年08月07日,2024年08月09日,179926
2024-07-29 17:20:51,2024年08月08日,2024年08月10日,184120
2024-07-29 17:20:51,2024年08月09日,2024年08月11日,208111
2024-07-29 17:34:58,2024年08月02日,2024年08月04日,158792
2024-07-29 17:34:58,2024年08月03日,2024年08月05日,158160
2024-07-29 17:34:58,2024年08月04日,2024年08月06日,157401
2024-07-29 17:34:58,2024年08月05日,2024年08月07日,156240
2024-07-29 17:34:58,2024年08月06日,2024年08月08日,178958
2024-07-29 17:34:58,2024年08月07日,2024年08月09日,179926
2024-07-29 17:34:58,2024年08月08日,2024年08月10日,184120
2024-07-29 17:34:58,2024年08月09日,2024年08月11日,208111
2024-07-29 18:05:22,2024年08月02日,2024年08月04日,158683
2024-07-29 18:05:22,2024年08月03日,2024年08月05日,158160
2024-07-29 18:05:22,2024年08月04日,2024年08月06日,210339
2024-07-29 18:05:22,2024年08月05日,2024年08月07日,156240
2024-07-29 18:05:22,2024年08月06日,2024年08月08日,177145
2024-07-29 18:05:22,2024年08月07日,2024年08月09日,177142
2024-07-29 18:05:22,2024年08月08日,2024年08月10日,184120
2024-07-29 18:05:22,2024年08月09日,2024年08月11日,221890
2024-07-29 18:35:10,2024年08月02日,2024年08月04日,158499
2024-07-29 18:35:10,2024年08月03日,2024年08月05日,158160
2024-07-29 18:35:10,2024年08月04日,2024年08月06日,158209
2024-07-29 18:35:10,2024年08月05日,2024年08月07日,156240
2024-07-29 18:35:10,2024年08月06日,2024年08月08日,179010
2024-07-29 18:35:10,2024年08月07日,2024年08月09日,171121
2024-07-29 18:35:10,2024年08月08日,2024年08月10日,182022
2024-07-29 18:35:10,2024年08月09日,2024年08月11日,198803
2024-07-29 20:34:38,2024年08月02日,2024年08月04日,157505
2024-07-29 20:34:38,2024年08月03日,2024年08月05日,158160
2024-07-29 20:34:38,2024年08月04日,2024年08月06日,176678
2024-07-29 20:34:38,2024年08月05日,2024年08月07日,156240
2024-07-29 20:34:38,2024年08月06日,2024年08月08日,203620
2024-07-29 20:34:38,2024年08月07日,2024年08月09日,148220
2024-07-29 20:34:38,2024年08月08日,2024年08月10日,184120
2024-07-29 20:34:38,2024年08月09日,2024年08月11日,207038
2024-07-29 21:04:43,2024年08月02日,2024年08月04日,157586
2024-07-29 21:04:43,2024年08月03日,2024年08月05日,158160
2024-07-29 21:04:43,2024年08月04日,2024年08月06日,185737
2024-07-29 21:04:43,2024年08月05日,2024年08月07日,156240
2024-07-29 21:04:43,2024年08月06日,2024年08月08日,203620
2024-07-29 21:04:43,2024年08月07日,2024年08月09日,148220
2024-07-29 21:04:43,2024年08月08日,2024年08月10日,184120
2024-07-29 21:04:43,2024年08月09日,2024年08月11日,212879
2024-07-29 21:34:39,2024年08月02日,2024年08月04日,155731
2024-07-29 21:34:39,2024年08月03日,2024年08月05日,158160
2024-07-29 21:34:39,2024年08月04日,2024年08月06日,174747
2024-07-29 21:34:39,2024年08月05日,2024年08月07日,183520
2024-07-29 21:34:39,2024年08月06日,2024年08月08日,156260
2024-07-29 21:34:39,2024年08月07日,2024年08月09日,202460
2024-07-29 21:34:39,2024年08月08日,2024年08月10日,184120
2024-07-29 21:34:39,2024年08月09日,2024年08月11日,234098
2024-07-29 22:04:38,2024年08月02日,2024年08月04日,155731
2024-07-29 22:04:38,2024年08月03日,2024年08月05日,158160
2024-07-29 22:04:38,2024年08月04日,2024年08月06日,156260
2024-07-29 22:04:38,2024年08月05日,2024年08月07日,156260
2024-07-29 22:04:38,2024年08月06日,2024年08月08日,203620
2024-07-29 22:04:38,2024年08月07日,2024年08月09日,152070
2024-07-29 22:04:38,2024年08月08日,2024年08月10日,184120
2024-07-29 22:04:38,2024年08月09日,2024年08月11日,204250
2024-07-29 23:04:39,2024年08月02日,2024年08月04日,160478
2024-07-29 23:04:39,2024年08月03日,2024年08月05日,158160
2024-07-29 23:04:39,2024年08月04日,2024年08月06日,156260
2024-07-29 23:04:39,2024年08月05日,2024年08月07日,156260
2024-07-29 23:04:39,2024年08月06日,2024年08月08日,176202
2024-07-29 23:04:39,2024年08月07日,2024年08月09日,153020
2024-07-29 23:04:39,2024年08月08日,2024年08月10日,187520
2024-07-29 23:04:39,2024年08月09日,2024年08月11日,225124
2024-07-29 23:34:43,2024年08月02日,2024年08月04日,157680
2024-07-29 23:34:43,2024年08月03日,2024年08月05日,169569
2024-07-29 23:34:43,2024年08月04日,2024年08月06日,156240
2024-07-29 23:34:43,2024年08月05日,2024年08月07日,156240
2024-07-29 23:34:43,2024年08月06日,2024年08月08日,194970
2024-07-29 23:34:43,2024年08月07日,2024年08月09日,153280
2024-07-29 23:34:43,2024年08月08日,2024年08月10日,184120
2024-07-29 23:34:43,2024年08月09日,2024年08月11日,208732
2024-07-30 00:04:42,2024年08月02日,2024年08月04日,162753
2024-07-30 00:04:42,2024年08月03日,2024年08月05日,158700
2024-07-30 00:04:42,2024年08月04日,2024年08月06日,176563
2024-07-30 00:04:42,2024年08月05日,2024年08月07日,156240
2024-07-30 00:04:42,2024年08月06日,2024年08月08日,177190
2024-07-30 00:04:42,2024年08月07日,2024年08月09日,152070
2024-07-30 00:04:42,2024年08月08日,2024年08月10日,184099
2024-07-30 00:04:42,2024年08月09日,2024年08月11日,215413
2024-07-30 00:34:41,2024年08月02日,2024年08月04日,162753
2024-07-30 00:34:41,2024年08月03日,2024年08月05日,158690
2024-07-30 00:34:41,2024年08月04日,2024年08月06日,176910
2024-07-30 00:34:41,2024年08月05日,2024年08月07日,156230
2024-07-30 00:34:41,2024年08月06日,2024年08月08日,177190
2024-07-30 00:34:41,2024年08月07日,2024年08月09日,152070
2024-07-30 00:34:41,2024年08月08日,2024年08月10日,184853
2024-07-30 00:34:41,2024年08月09日,2024年08月11日,215413
2024-07-30 01:04:41,2024年08月02日,2024年08月04日,159582
2024-07-30 01:04:41,2024年08月03日,2024年08月05日,180535
2024-07-30 01:04:41,2024年08月04日,2024年08月06日,175374
2024-07-30 01:04:41,2024年08月05日,2024年08月07日,178958
2024-07-30 01:04:41,2024年08月06日,2024年08月08日,172089
2024-07-30 01:04:41,2024年08月07日,2024年08月09日,148600
2024-07-30 01:04:41,2024年08月08日,2024年08月10日,184120
2024-07-30 01:04:41,2024年08月09日,2024年08月11日,207924
2024-07-30 01:34:53,2024年08月02日,2024年08月04日,159582
2024-07-30 01:34:53,2024年08月03日,2024年08月05日,168140
2024-07-30 01:34:53,2024年08月04日,2024年08月06日,175374
2024-07-30 01:34:53,2024年08月05日,2024年08月07日,178958
2024-07-30 01:34:53,2024年08月06日,2024年08月08日,183870
2024-07-30 01:34:53,2024年08月07日,2024年08月09日,148620
2024-07-30 01:34:53,2024年08月08日,2024年08月10日,184120
2024-07-30 01:34:53,2024年08月09日,2024年08月11日,207924
2024-07-30 02:04:42,2024年08月02日,2024年08月04日,161008
2024-07-30 02:04:42,2024年08月03日,2024年08月05日,180535
2024-07-30 02:04:42,2024年08月04日,2024年08月06日,175439
2024-07-30 02:04:42,2024年08月05日,2024年08月07日,178958
2024-07-30 02:04:42,2024年08月06日,2024年08月08日,203670
2024-07-30 02:04:42,2024年08月07日,2024年08月09日,148620
2024-07-30 02:04:42,2024年08月08日,2024年08月10日,184120
2024-07-30 02:04:42,2024年08月09日,2024年08月11日,207924
2024-07-30 02:34:41,2024年08月02日,2024年08月04日,161137
2024-07-30 02:34:41,2024年08月03日,2024年08月05日,180535
2024-07-30 02:34:41,2024年08月04日,2024年08月06日,181080
2024-07-30 02:34:41,2024年08月05日,2024年08月07日,178958
2024-07-30 02:34:41,2024年08月06日,2024年08月08日,176202
2024-07-30 02:34:41,2024年08月07日,2024年08月09日,148620
2024-07-30 02:34:41,2024年08月08日,2024年08月10日,184120
2024-07-30 02:34:41,2024年08月09日,2024年08月11日,212310
2024-07-30 03:04:57,2024年08月02日,2024年08月04日,160310
2024-07-30 03:04:57,2024年08月03日,2024年08月05日,180535
2024-07-30 03:04:57,2024年08月04日,2024年08月06日,180512
2024-07-30 03:04:57,2024年08月05日,2024年08月07日,178958
2024-07-30 03:04:57,2024年08月06日,2024年08月08日,157301
2024-07-30 03:04:57,2024年08月07日,2024年08月09日,148620
2024-07-30 03:04:57,2024年08月08日,2024年08月10日,206470
2024-07-30 03:04:57,2024年08月09日,2024年08月11日,207924
2024-07-30 03:34:47,2024年08月02日,2024年08月04日,162665
2024-07-30 03:34:47,2024年08月03日,2024年08月05日,180535
2024-07-30 03:34:47,2024年08月04日,2024年08月06日,181080
2024-07-30 03:34:47,2024年08月05日,2024年08月07日,178958
2024-07-30 03:34:47,2024年08月06日,2024年08月08日,188310
2024-07-30 03:34:47,2024年08月07日,2024年08月09日,148610
2024-07-30 03:34:47,2024年08月08日,2024年08月10日,184120
2024-07-30 03:34:47,2024年08月09日,2024年08月11日,212310
2024-07-30 10:45:20,2024年08月02日,2024年08月04日,161145
2024-07-30 10:45:20,2024年08月03日,2024年08月05日,137440
2024-07-30 10:45:20,2024年08月04日,2024年08月06日,151540
2024-07-30 10:45:20,2024年08月05日,2024年08月07日,181340
2024-07-30 10:45:20,2024年08月06日,2024年08月08日,150000
2024-07-30 10:45:20,2024年08月07日,2024年08月09日,167370
2024-07-30 10:45:20,2024年08月08日,2024年08月10日,189670
2024-07-30 10:45:20,2024年08月09日,2024年08月11日,204928
2024-07-30 11:04:46,2024年08月02日,2024年08月04日,196922
2024-07-30 11:04:46,2024年08月03日,2024年08月05日,152640
2024-07-30 11:04:46,2024年08月04日,2024年08月06日,151540
2024-07-30 11:04:46,2024年08月05日,2024年08月07日,175390
2024-07-30 11:04:46,2024年08月06日,2024年08月08日,150000
2024-07-30 11:04:46,2024年08月07日,2024年08月09日,167370
2024-07-30 11:04:46,2024年08月08日,2024年08月10日,212881
2024-07-30 11:04:46,2024年08月09日,2024年08月11日,216128
2024-07-30 11:35:08,2024年08月02日,2024年08月04日,157465
2024-07-30 11:35:08,2024年08月03日,2024年08月05日,153240
2024-07-30 11:35:08,2024年08月04日,2024年08月06日,151540
2024-07-30 11:35:08,2024年08月05日,2024年08月07日,175360
2024-07-30 11:35:08,2024年08月06日,2024年08月08日,150000
2024-07-30 11:35:08,2024年08月07日,2024年08月09日,167370
2024-07-30 11:35:08,2024年08月08日,2024年08月10日,193430
2024-07-30 11:35:08,2024年08月09日,2024年08月11日,208099
2024-07-30 12:35:17,2024年08月02日,2024年08月04日,161487
2024-07-30 12:35:17,2024年08月03日,2024年08月05日,180535
2024-07-30 12:35:17,2024年08月04日,2024年08月06日,178484
2024-07-30 12:35:17,2024年08月05日,2024年08月07日,179090
2024-07-30 12:35:17,2024年08月06日,2024年08月08日,150710
2024-07-30 12:35:17,2024年08月07日,2024年08月09日,168430
2024-07-30 12:35:17,2024年08月08日,2024年08月10日,214870
2024-07-30 12:35:17,2024年08月09日,2024年08月11日,191910
2024-07-30 13:04:37,2024年08月02日,2024年08月04日,157465
2024-07-30 13:04:37,2024年08月03日,2024年08月05日,194137
2024-07-30 13:04:37,2024年08月04日,2024年08月06日,178797
2024-07-30 13:04:37,2024年08月05日,2024年08月07日,178190
2024-07-30 13:04:37,2024年08月06日,2024年08月08日,150710
2024-07-30 13:04:37,2024年08月07日,2024年08月09日,167642
2024-07-30 13:04:37,2024年08月08日,2024年08月10日,185510
2024-07-30 13:04:37,2024年08月09日,2024年08月11日,195410